Workbook
Name Rate: Calc!$F$1

Sheet Calc
A1: Qty | B1: Price | C1: Amount | D1: Running | E1: Share | F1: 0.2
A2: 1 | B2: 10 | C2: =A2*B2 -> 10 | D2: =SUM($C$2:C2) -> 10 | E2: =C2/$D$6 -> 0.01814882 | G2: =C2*F$1 -> 2 | H2: =A2+$B2+Other!A1 -> 111 | I2: =B2+$B2+Other!B1 -> 220 | J2: {=A2:A4*10} -> 10
A3: 2 | B3: 20 | C3: =A3*B3 -> 40 | D3: =SUM($C$2:C3) -> 50 | E3: =C3/$D$6 -> 0.072595281 | G3: =C3*F$1 -> 8 | H3: =A3+$B3+Other!A2 -> 322 | I3: =B3+$B3+Other!B2 -> 440 | J3: 20
A4: 3 | B4: 30 | C4: =A4*B4 -> 90 | D4: =SUM($C$2:C4) -> 140 | E4: =C4/$D$6 -> 0.16333938 | G4: =C4*F$1 -> 18 | H4: =A4+$B4+Other!A3 -> 33 | I4: =B4+$B4+Other!B3 -> 60 | J4: 30
A5: 4 | B5: 40 | C5: =A5*B5+1 -> 161 | D5: =SUM($C$2:C5) -> 301 | E5: =C5/$D$6 -> 0.29219601 | G5: =C5*F$1 -> 32.2
A6: 5 | B6: 50 | C6: =A6*B6 -> 250 | D6: =SUM($C$2:C6) -> 551 | E6: =C6/$D$6 -> 0.45372051 | G6: =C6*F$1 -> 50
A8: Total | C8: =SUM(C2:C6) -> 551 | D8: =SUM(D2:D6) -> 1052 | E8: =SUM(E2:E6) -> 1

Sheet Other
A1: 100 | B1: 200 | D1: =Calc!C2*2 -> 20
A2: 300 | B2: 400 | D2: =Calc!C3*2 -> 80
D3: =Calc!C4*2 -> 180
D4: =Calc!C5*2 -> 322
D5: =Calc!C6*2 -> 500
